NUM_GOALS,1000
MAX_EPISODES,2000000
DISCOUNT,0.8
LEARNING_RATE,0.85
INIT_RAND_CHANCE,0.8
RAND_DECREASE,0.95
MIN_RAND_CHANCE,0.0
NUM_STATES,20
ALPHABET_SIZE,3
TRANSITIONS_PERCENT,0.04
MAX_EPISODES,2000000
NUM_GOALS,1000
NUM_MACHINES,50
NUM_SENSORS,10
INITIAL SENSOR SETTING,ALLSAME
cmd line:,
Opt Path Len,EpMem Size,run 1,run 2,run 3,run 4,run 5,run 6,run 7,run 8,run 9,run 10,run 11,run 12,run 13,run 14,run 15,run 16,run 17,run 18,run 19,run 20,run 21,run 22,run 23,run 24,run 25,run 26,run 27,run 28,run 29,run 30,run 31,run 32,run 33,run 34,run 35,run 36,run 37,run 38,run 39,run 40,run 41,run 42,run 43,run 44,run 45,run 46,run 47,run 48,run 49,run 50,run 51,run 52,run 53,run 54,run 55,run 56,run 57,run 58,run 59,run 60,run 61,run 62,run 63,run 64,run 65,run 66,run 67,run 68,run 69,run 70,run 71,run 72,run 73,run 74,run 75,run 76,run 77,run 78,run 79,run 80,run 81,run 82,run 83,run 84,run 85,run 86,run 87,run 88,run 89,run 90,run 91,run 92,run 93,run 94,run 95,run 96,run 97,run 98,run 99,run 100,run 101,run 102,run 103,run 104,run 105,run 106,run 107,run 108,run 109,run 110,run 111,run 112,run 113,run 114,run 115,run 116,run 117,run 118,run 119,run 120,run 121,run 122,run 123,run 124,run 125,run 126,run 127,run 128,run 129,run 130,run 131,run 132,run 133,run 134,run 135,run 136,run 137,run 138,run 139,run 140,run 141,run 142,run 143,run 144,run 145,run 146,run 147,run 148,run 149,run 150,run 151,run 152,run 153,run 154,run 155,run 156,run 157,run 158,run 159,run 160,run 161,run 162,run 163,run 164,run 165,run 166,run 167,run 168,run 169,run 170,run 171,run 172,run 173,run 174,run 175,run 176,run 177,run 178,run 179,run 180,run 181,run 182,run 183,run 184,run 185,run 186,run 187,run 188,run 189,run 190,run 191,run 192,run 193,run 194,run 195,run 196,run 197,run 198,run 199,run 200,run 201,run 202,run 203,run 204,run 205,run 206,run 207,run 208,run 209,run 210,run 211,run 212,run 213,run 214,run 215,run 216,run 217,run 218,run 219,run 220,run 221,run 222,run 223,run 224,run 225,run 226,run 227,run 228,run 229,run 230,run 231,run 232,run 233,run 234,run 235,run 236,run 237,run 238,run 239,run 240,run 241,run 242,run 243,run 244,run 245,run 246,run 247,run 248,run 249,run 250,run 251,run 252,run 253,run 254,run 255,run 256,run 257,run 258,run 259,run 260,run 261,run 262,run 263,run 264,run 265,run 266,run 267,run 268,run 269,run 270,run 271,run 272,run 273,run 274,run 275,run 276,run 277,run 278,run 279,run 280,run 281,run 282,run 283,run 284,run 285,run 286,run 287,run 288,run 289,run 290,run 291,run 292,run 293,run 294,run 295,run 296,run 297,run 298,run 299,run 300,run 301,run 302,run 303,run 304,run 305,run 306,run 307,run 308,run 309,run 310,run 311,run 312,run 313,run 314,run 315,run 316,run 317,run 318,run 319,run 320,run 321,run 322,run 323,run 324,run 325,run 326,run 327,run 328,run 329,run 330,run 331,run 332,run 333,run 334,run 335,run 336,run 337,run 338,run 339,run 340,run 341,run 342,run 343,run 344,run 345,run 346,run 347,run 348,run 349,run 350,run 351,run 352,run 353,run 354,run 355,run 356,run 357,run 358,run 359,run 360,run 361,run 362,run 363,run 364,run 365,run 366,run 367,run 368,run 369,run 370,run 371,run 372,run 373,run 374,run 375,run 376,run 377,run 378,run 379,run 380,run 381,run 382,run 383,run 384,run 385,run 386,run 387,run 388,run 389,run 390,run 391,run 392,run 393,run 394,run 395,run 396,run 397,run 398,run 399,run 400,run 401,run 402,run 403,run 404,run 405,run 406,run 407,run 408,run 409,run 410,run 411,run 412,run 413,run 414,run 415,run 416,run 417,run 418,run 419,run 420,run 421,run 422,run 423,run 424,run 425,run 426,run 427,run 428,run 429,run 430,run 431,run 432,run 433,run 434,run 435,run 436,run 437,run 438,run 439,run 440,run 441,run 442,run 443,run 444,run 445,run 446,run 447,run 448,run 449,run 450,run 451,run 452,run 453,run 454,run 455,run 456,run 457,run 458,run 459,run 460,run 461,run 462,run 463,run 464,run 465,run 466,run 467,run 468,run 469,run 470,run 471,run 472,run 473,run 474,run 475,run 476,run 477,run 478,run 479,run 480,run 481,run 482,run 483,run 484,run 485,run 486,run 487,run 488,run 489,run 490,run 491,run 492,run 493,run 494,run 495,run 496,run 497,run 498,run 499,run 500,run 501,run 502,run 503,run 504,run 505,run 506,run 507,run 508,run 509,run 510,run 511,run 512,run 513,run 514,run 515,run 516,run 517,run 518,run 519,run 520,run 521,run 522,run 523,run 524,run 525,run 526,run 527,run 528,run 529,run 530,run 531,run 532,run 533,run 534,run 535,run 536,run 537,run 538,run 539,run 540,run 541,run 542,run 543,run 544,run 545,run 546,run 547,run 548,run 549,run 550,run 551,run 552,run 553,run 554,run 555,run 556,run 557,run 558,run 559,run 560,run 561,run 562,run 563,run 564,run 565,run 566,run 567,run 568,run 569,run 570,run 571,run 572,run 573,run 574,run 575,run 576,run 577,run 578,run 579,run 580,run 581,run 582,run 583,run 584,run 585,run 586,run 587,run 588,run 589,run 590,run 591,run 592,run 593,run 594,run 595,run 596,run 597,run 598,run 599,run 600,run 601,run 602,run 603,run 604,run 605,run 606,run 607,run 608,run 609,run 610,run 611,run 612,run 613,run 614,run 615,run 616,run 617,run 618,run 619,run 620,run 621,run 622,run 623,run 624,run 625,run 626,run 627,run 628,run 629,run 630,run 631,run 632,run 633,run 634,run 635,run 636,run 637,run 638,run 639,run 640,run 641,run 642,run 643,run 644,run 645,run 646,run 647,run 648,run 649,run 650,run 651,run 652,run 653,run 654,run 655,run 656,run 657,run 658,run 659,run 660,run 661,run 662,run 663,run 664,run 665,run 666,run 667,run 668,run 669,run 670,run 671,run 672,run 673,run 674,run 675,run 676,run 677,run 678,run 679,run 680,run 681,run 682,run 683,run 684,run 685,run 686,run 687,run 688,run 689,run 690,run 691,run 692,run 693,run 694,run 695,run 696,run 697,run 698,run 699,run 700,run 701,run 702,run 703,run 704,run 705,run 706,run 707,run 708,run 709,run 710,run 711,run 712,run 713,run 714,run 715,run 716,run 717,run 718,run 719,run 720,run 721,run 722,run 723,run 724,run 725,run 726,run 727,run 728,run 729,run 730,run 731,run 732,run 733,run 734,run 735,run 736,run 737,run 738,run 739,run 740,run 741,run 742,run 743,run 744,run 745,run 746,run 747,run 748,run 749,run 750,run 751,run 752,run 753,run 754,run 755,run 756,run 757,run 758,run 759,run 760,run 761,run 762,run 763,run 764,run 765,run 766,run 767,run 768,run 769,run 770,run 771,run 772,run 773,run 774,run 775,run 776,run 777,run 778,run 779,run 780,run 781,run 782,run 783,run 784,run 785,run 786,run 787,run 788,run 789,run 790,run 791,run 792,run 793,run 794,run 795,run 796,run 797,run 798,run 799,run 800,run 801,run 802,run 803,run 804,run 805,run 806,run 807,run 808,run 809,run 810,run 811,run 812,run 813,run 814,run 815,run 816,run 817,run 818,run 819,run 820,run 821,run 822,run 823,run 824,run 825,run 826,run 827,run 828,run 829,run 830,run 831,run 832,run 833,run 834,run 835,run 836,run 837,run 838,run 839,run 840,run 841,run 842,run 843,run 844,run 845,run 846,run 847,run 848,run 849,run 850,run 851,run 852,run 853,run 854,run 855,run 856,run 857,run 858,run 859,run 860,run 861,run 862,run 863,run 864,run 865,run 866,run 867,run 868,run 869,run 870,run 871,run 872,run 873,run 874,run 875,run 876,run 877,run 878,run 879,run 880,run 881,run 882,run 883,run 884,run 885,run 886,run 887,run 888,run 889,run 890,run 891,run 892,run 893,run 894,run 895,run 896,run 897,run 898,run 899,run 900,run 901,run 902,run 903,run 904,run 905,run 906,run 907,run 908,run 909,run 910,run 911,run 912,run 913,run 914,run 915,run 916,run 917,run 918,run 919,run 920,run 921,run 922,run 923,run 924,run 925,run 926,run 927,run 928,run 929,run 930,run 931,run 932,run 933,run 934,run 935,run 936,run 937,run 938,run 939,run 940,run 941,run 942,run 943,run 944,run 945,run 946,run 947,run 948,run 949,run 950,run 951,run 952,run 953,run 954,run 955,run 956,run 957,run 958,run 959,run 960,run 961,run 962,run 963,run 964,run 965,run 966,run 967,run 968,run 969,run 970,run 971,run 972,run 973,run 974,run 975,run 976,run 977,run 978,run 979,run 980,run 981,run 982,run 983,run 984,run 985,run 986,run 987,run 988,run 989,run 990,run 991,run 992,run 993,run 994,run 995,run 996,run 997,run 998,run 999,run 1000,
11,28558,51,12,1,12,43,16,41,21,7,18,30,31,54,43,32,11,34,7,64,41,43,5,39,41,17,45,58,5,33,1,17,10,59,20,21,15,9,14,27,23,48,45,84,10,25,3,39,62,10,33,14,39,13,29,19,21,18,22,5,18,133,11,1,82,16,3,23,14,22,50,9,115,9,62,9,1,10,27,9,17,6,26,12,16,1,75,54,9,88,22,1,54,5,20,23,7,18,24,26,37,23,55,8,36,1,19,111,26,52,30,44,1,44,57,23,44,49,9,1,33,68,14,14,26,21,8,8,24,29,83,23,4,35,35,1,5,34,29,69,39,5,1,6,63,81,71,26,102,59,34,9,22,10,1,19,50,54,3,12,66,30,58,22,23,24,59,50,1,85,16,117,10,3,3,38,5,23,38,68,29,21,33,15,1,52,10,28,69,23,74,1,1,34,31,4,91,50,5,1,59,6,21,24,6,103,106,71,24,6,35,20,101,78,25,109,9,41,6,179,74,1,1,70,11,22,70,2,5,17,31,18,34,9,37,49,25,1,9,1,1,36,16,23,15,13,57,52,18,1,50,53,1,60,30,7,16,55,36,66,1,39,30,87,15,8,3,23,20,13,46,28,1,35,12,24,25,8,1,20,55,34,4,2,22,1,1,11,5,19,11,72,28,43,57,19,1,68,1,3,1,38,1,11,1,9,101,39,83,3,27,37,37,112,1,14,10,16,106,1,114,3,28,48,4,44,4,6,54,52,14,29,20,11,1,9,16,11,41,78,36,9,67,33,31,8,34,21,9,7,9,76,15,17,19,22,1,9,13,86,37,147,32,3,32,76,38,17,5,18,1,14,50,38,1,168,10,35,35,32,81,9,72,1,175,3,8,3,64,6,58,23,24,52,33,3,12,1,56,16,28,13,9,1,3,7,3,39,23,22,15,21,9,68,60,37,68,7,1,5,22,87,23,31,17,16,9,1,6,17,24,9,35,52,48,23,20,11,4,6,66,16,8,14,25,109,13,1,22,10,33,22,10,12,24,43,145,40,49,32,26,31,5,42,21,1,75,19,43,14,20,33,18,46,17,63,33,7,10,9,29,8,48,51,9,32,10,34,14,38,12,20,18,10,61,4,6,21,32,4,25,9,40,10,10,34,4,4,55,1,6,66,11,7,58,2,1,6,36,9,24,45,30,31,1,22,26,18,1,33,49,12,68,6,24,1,8,40,19,30,5,50,2,1,25,41,50,52,34,89,29,19,14,77,140,5,24,3,61,34,1,14,30,5,6,27,47,12,1,90,32,8,7,52,2,72,6,1,54,47,7,14,12,5,2,82,19,7,45,24,23,8,6,6,69,56,71,89,2,8,13,1,50,43,19,76,23,26,2,3,21,131,1,23,18,7,9,32,15,5,146,50,13,12,33,54,31,30,64,85,66,16,18,25,16,15,33,30,1,23,33,27,9,15,10,11,9,2,18,40,30,6,15,42,35,1,22,6,3,5,8,6,9,25,86,27,23,29,20,6,32,18,54,54,12,59,15,46,56,23,1,2,58,114,3,43,56,44,21,10,28,4,6,3,56,18,17,61,1,137,4,52,32,19,17,80,72,28,2,2,57,14,18,8,5,10,23,39,3,5,57,4,38,4,7,1,1,32,80,28,5,66,58,36,9,22,21,19,1,38,11,31,7,22,56,49,3,30,13,9,8,3,47,34,19,14,15,51,22,1,13,4,11,2,2,69,112,7,32,35,52,5,5,10,28,101,1,6,4,72,10,3,47,4,22,96,16,69,27,32,9,35,68,8,110,1,14,34,3,50,31,29,3,8,3,1,9,95,8,121,20,2,67,86,21,21,34,71,46,39,5,12,99,13,21,22,38,39,14,15,83,13,20,1,13,19,33,57,53,6,13,14,15,2,25,12,5,4,19,63,60,10,56,7,14,85,29,15,1,16,77,14,18,37,40,20,36,12,25,6,57,194,16,12,6,4,22,20,1,19,10,29,3,55,2,39,1,2,16,19,11,19,35,6,19,9,2,10,18,7,9,14,11,5,12,41,89,26,7,15,29,11,79,76,1,22,29,10,35,23,59,3,3,15,134,15,65,1,40,15,1,2,9,29,9,125,7,3,41,14,5,40,18,4,66,127,28,37,13,55,11,11,22,20,4,4,4,22,15,11,20,5,28,49,24,7,33,7,13,32,4,10,92,44,46,41,25,55,22,70,27,21,58,21,58,5,49,67,2,24,17,4,27,11,1,22,1,7,1,16,27,
13,26789,45,18,20,10,2,32,29,39,6,27,100,43,30,7,1,27,15,9,24,7,36,10,38,22,36,6,21,3,39,6,6,34,3,55,1,176,77,4,15,10,9,39,44,88,52,43,24,15,139,3,16,44,79,31,132,2,102,39,17,16,9,7,16,21,8,18,23,18,7,1,15,23,16,35,4,35,20,7,1,65,32,14,79,8,7,3,10,21,13,1,6,5,75,99,7,4,4,9,9,27,2,26,4,78,17,33,62,29,39,16,11,2,40,41,50,4,68,17,52,1,12,5,17,80,10,8,18,31,8,5,18,5,7,47,4,9,12,4,31,62,4,8,2,14,16,38,9,7,13,12,101,2,111,2,35,5,22,63,18,7,27,12,2,2,21,26,88,25,3,19,43,8,10,20,16,19,4,2,2,13,90,7,16,8,16,64,57,56,9,2,79,9,60,19,13,14,62,19,24,8,2,38,25,61,18,16,31,5,77,22,24,7,51,5,35,62,113,4,22,48,98,11,56,25,21,14,7,10,16,7,96,8,45,41,85,42,97,9,83,14,22,9,21,71,57,12,68,4,38,3,27,1,13,31,18,56,6,10,26,36,25,34,19,84,66,14,9,13,6,1,67,22,8,72,12,27,9,3,148,14,48,21,5,2,4,42,25,2,1,2,104,97,101,36,32,21,50,2,47,25,1,91,155,29,1,4,22,80,32,4,64,9,8,33,156,16,6,8,22,54,2,16,40,32,78,20,9,10,26,5,43,12,45,77,18,9,36,2,54,42,25,18,35,16,14,22,38,51,39,52,5,1,85,26,38,24,35,43,32,35,7,37,13,4,77,16,15,16,14,132,13,20,2,2,21,1,17,63,4,8,46,43,12,6,6,41,73,1,40,2,18,12,106,1,22,33,29,17,38,4,1,40,34,27,2,9,55,9,19,42,47,49,2,17,5,1,2,70,20,19,1,13,83,25,17,8,64,14,29,10,72,1,69,2,10,2,11,62,2,10,61,92,2,6,1,55,8,12,1,33,41,2,7,24,27,81,49,12,29,48,1,1,14,13,1,5,7,19,27,37,2,35,13,40,30,38,82,56,4,12,19,18,2,38,15,10,28,28,99,2,27,29,19,5,15,38,54,45,17,74,52,7,97,9,11,39,27,4,20,28,44,1,55,10,12,102,1,13,59,76,12,5,38,90,37,18,52,12,20,23,44,12,2,24,40,75,19,96,38,1,11,56,23,12,43,30,12,14,68,27,17,2,26,29,37,32,10,60,3,2,27,7,3,2,51,24,13,1,8,84,51,45,2,113,37,11,70,34,80,59,36,12,66,19,23,28,22,7,39,50,24,15,18,8,3,6,35,29,45,19,18,1,18,8,96,18,17,41,7,7,4,23,12,25,45,56,52,13,58,8,7,15,12,1,10,23,6,2,48,34,35,13,4,6,13,5,7,35,30,19,9,35,21,13,20,25,2,7,17,80,16,57,20,21,33,13,45,28,31,19,3,24,18,10,9,31,2,62,4,15,9,19,6,37,4,33,22,56,5,68,107,1,54,11,18,38,26,33,15,1,6,7,6,83,12,90,38,27,28,34,24,41,12,15,13,5,2,5,12,56,20,4,5,1,2,35,10,23,2,15,9,20,10,96,14,3,12,53,1,13,41,2,16,30,139,11,19,33,2,7,54,47,2,12,27,20,8,45,42,30,19,51,8,9,66,23,59,2,20,5,20,5,56,35,70,9,16,16,1,4,1,40,10,13,52,11,34,40,6,25,1,8,12,15,11,10,54,3,20,26,2,22,24,45,8,7,102,7,40,9,43,97,22,32,2,1,12,5,12,1,6,63,50,36,6,26,14,14,25,14,19,28,43,9,4,7,24,47,7,108,8,4,6,17,31,29,37,5,16,34,24,60,8,10,7,48,12,14,15,25,3,12,101,39,69,19,17,9,19,22,43,3,16,69,27,70,14,5,41,16,50,66,21,39,10,12,11,6,2,45,20,27,13,23,13,12,8,18,3,16,12,6,63,22,23,23,2,35,2,9,18,217,31,19,23,26,12,10,42,41,8,2,13,2,37,5,7,7,1,24,1,5,9,1,5,5,12,38,1,42,63,8,45,122,22,4,1,9,17,62,17,63,6,23,3,8,10,24,12,22,7,2,3,36,7,26,32,2,4,7,27,35,4,21,16,37,4,9,69,58,59,1,2,4,34,7,54,7,18,21,13,88,27,85,35,17,11,8,13,5,4,11,25,4,10,26,3,29,75,22,
10,24841,7,7,5,1,35,47,7,16,3,5,4,15,6,25,42,18,35,42,39,4,4,9,8,23,16,8,6,32,29,5,48,37,11,18,36,6,22,17,51,5,6,45,10,7,26,18,4,11,5,6,128,2,22,5,29,3,3,155,1,15,4,4,3,25,9,4,24,4,37,7,1,5,11,9,12,4,11,4,4,2,8,25,11,3,6,2,3,20,11,20,10,12,4,9,9,7,6,2,4,5,5,12,196,5,17,5,21,11,14,9,5,5,6,155,5,9,12,4,1,12,3,16,4,85,6,11,14,309,5,1,6,9,4,10,7,11,3,5,5,8,7,16,11,11,1,7,8,21,9,4,1,3,10,10,11,11,19,8,8,16,11,16,5,53,67,7,14,9,4,3,4,62,4,5,5,10,9,12,27,4,3,13,13,7,44,6,14,9,13,13,4,4,7,4,18,8,9,5,5,12,11,7,17,24,33,12,56,8,13,29,6,7,1,8,13,14,1,8,4,4,7,8,2,2,50,4,11,4,3,4,4,9,4,6,8,5,12,48,11,51,40,2,20,4,5,3,7,11,10,11,6,18,5,25,8,8,1,13,3,13,33,12,7,8,8,10,10,6,4,6,8,10,17,1,16,9,36,6,59,10,5,41,52,1,10,15,1,2,4,6,27,11,5,8,13,10,5,31,9,69,38,60,57,12,9,13,13,17,15,23,3,19,27,10,5,21,20,12,12,15,41,23,2,5,36,4,4,39,2,27,15,6,14,42,114,25,5,10,42,35,33,43,9,19,7,3,44,24,5,5,7,56,65,20,97,54,16,89,124,20,12,91,14,104,7,78,11,16,28,15,62,34,15,7,5,10,12,19,14,52,10,56,1,14,48,22,17,12,26,8,6,33,31,32,59,26,36,4,15,64,50,25,22,62,14,1,3,17,65,2,3,10,15,4,12,106,6,20,49,20,11,38,40,22,56,52,7,24,2,29,6,8,30,23,98,52,18,29,94,38,12,21,1,22,8,10,31,4,75,29,24,32,3,65,27,224,11,50,14,90,23,27,45,9,43,78,22,103,25,3,6,25,42,13,4,14,37,153,7,10,5,12,26,1,63,28,4,103,16,12,21,53,46,85,50,20,10,25,91,47,19,7,111,103,2,48,32,7,3,13,24,23,62,169,11,19,28,47,55,1,68,4,3,28,13,55,2,23,7,3,7,9,3,20,63,28,11,79,62,1,39,9,146,6,18,18,29,11,37,7,5,12,2,6,58,43,68,15,36,27,58,7,48,65,70,26,31,37,26,15,10,51,44,30,63,21,33,6,107,21,37,25,19,15,4,113,6,2,27,15,45,44,8,13,13,27,34,11,13,45,22,28,39,34,11,13,97,56,6,21,10,10,30,9,98,11,19,25,17,6,1,16,58,21,55,29,25,44,3,30,16,33,31,68,13,91,2,55,16,29,75,16,20,36,11,13,121,10,17,4,27,29,26,16,3,17,7,29,10,6,12,23,56,31,5,2,1,45,12,13,8,13,56,20,4,18,171,29,56,98,37,18,5,73,15,22,12,9,19,8,33,15,18,154,13,5,11,10,1,51,85,120,3,101,49,1,64,42,10,41,29,33,28,21,30,62,87,25,11,19,4,16,44,2,6,92,2,66,35,33,55,32,7,70,20,21,60,17,3,39,96,23,34,17,2,20,8,10,10,33,66,41,24,20,13,16,10,7,32,10,3,33,35,7,8,86,6,8,33,8,44,2,36,54,18,36,17,10,26,17,11,7,18,101,34,1,7,20,5,30,11,13,38,70,27,46,37,103,18,21,16,36,62,77,8,3,39,33,50,7,76,17,14,14,50,14,56,10,33,87,7,5,11,7,39,58,11,10,20,32,46,11,37,36,3,26,7,19,2,39,41,13,134,12,21,22,2,1,47,26,7,2,23,13,76,8,34,19,33,8,119,13,25,9,27,21,10,14,1,84,16,7,5,7,25,31,5,6,29,9,23,65,11,3,31,24,5,33,11,4,16,22,4,14,26,23,1,9,90,4,34,14,4,6,14,34,35,8,48,37,57,17,24,42,22,66,55,9,6,2,7,42,26,9,45,2,3,30,9,36,10,8,37,52,27,13,3,64,12,13,42,44,7,24,57,5,2,20,70,40,7,6,4,16,9,17,10,9,30,6,19,28,25,8,11,30,51,27,7,28,7,43,27,1,55,9,15,49,34,9,42,63,4,32,35,7,5,17,2,42,41,10,7,38,6,13,25,2,32,4,
12,21453,9,4,3,39,2,4,4,1,15,37,2,4,5,36,18,7,23,2,3,3,9,2,3,24,18,5,9,11,19,30,5,2,6,5,3,11,6,12,4,4,22,42,10,70,53,10,13,44,52,20,10,11,6,4,33,8,14,4,5,4,38,81,2,2,5,74,17,15,11,5,5,6,6,4,2,30,36,2,10,4,12,16,3,4,26,7,8,9,51,6,3,13,2,3,10,4,13,174,25,7,21,6,2,3,17,22,6,3,8,6,11,8,2,14,2,3,1,10,10,5,2,16,20,75,4,2,2,8,1,11,2,2,27,11,12,1,1,24,11,6,36,2,14,23,7,9,2,5,30,5,9,16,4,1,3,1,3,3,5,4,5,20,96,19,9,8,27,14,6,7,1,18,4,4,21,2,7,4,3,15,3,4,24,39,10,9,4,27,9,17,12,9,3,12,2,17,5,6,15,1,10,21,32,7,9,11,17,22,20,16,8,6,23,64,4,73,104,3,3,4,31,16,12,24,18,9,45,31,15,14,4,17,30,5,9,8,15,7,5,19,18,1,6,6,4,20,4,1,23,8,4,12,3,2,1,27,110,18,43,8,14,13,69,1,10,36,26,81,34,42,54,13,27,2,11,7,10,23,23,2,16,2,10,1,6,1,63,12,3,10,8,8,79,6,18,9,40,22,6,22,25,2,6,17,6,52,17,9,2,17,12,3,65,24,11,61,5,48,28,1,82,25,26,12,69,19,24,47,17,77,14,21,121,48,23,132,32,5,7,2,55,11,92,54,24,14,1,46,76,18,25,79,15,9,3,9,120,59,2,51,24,7,41,48,51,7,4,181,171,9,8,13,22,127,14,35,107,58,9,211,9,14,100,56,138,1,76,20,21,17,6,72,5,75,36,16,23,1,10,26,6,17,67,6,29,7,15,64,4,26,2,1,39,51,20,124,12,45,1,2,41,16,105,51,14,92,15,57,48,2,9,50,60,49,79,198,24,1,26,2,11,11,28,16,111,2,2,52,13,3,13,1,21,45,42,54,159,40,14,19,25,79,47,4,59,6,58,18,16,19,49,8,28,44,3,99,5,32,26,19,5,33,11,90,33,8,24,18,2,6,72,2,19,51,9,3,57,116,17,18,33,4,32,42,12,14,1,2,62,35,8,8,12,49,59,4,51,17,17,15,34,8,36,68,15,57,19,52,26,31,10,11,64,2,1,5,2,6,37,47,89,2,23,26,39,5,6,3,11,5,8,39,20,31,22,39,1,73,14,30,10,33,21,48,9,5,3,34,22,1,8,2,32,7,6,48,16,11,15,10,6,5,4,54,65,5,2,43,35,59,5,30,7,6,12,58,93,1,3,13,13,11,26,12,2,68,15,75,18,5,2,29,7,2,31,17,47,37,3,14,46,4,1,7,4,2,55,9,18,6,2,13,12,27,2,26,26,11,25,1,33,11,5,15,10,14,20,25,3,53,5,25,23,18,12,61,10,21,1,2,22,22,14,12,14,9,12,8,5,2,17,2,17,101,19,9,2,13,63,1,19,4,21,1,58,9,16,5,20,11,104,50,4,34,20,14,19,2,6,2,16,29,6,45,3,3,28,7,10,10,14,6,16,1,40,8,47,3,104,5,46,7,53,37,29,1,50,3,29,15,6,11,42,9,2,20,10,3,56,20,48,17,20,1,29,4,39,25,6,25,12,35,5,23,5,9,30,23,5,1,2,74,10,14,4,9,32,5,8,49,8,42,13,6,19,35,9,3,55,5,6,60,12,10,14,15,5,1,8,56,22,18,2,50,24,26,20,9,13,5,8,6,22,7,43,25,15,25,27,35,8,2,5,18,2,14,6,29,16,8,10,11,29,35,2,2,9,5,1,2,12,11,2,4,3,62,42,2,26,23,23,4,18,3,22,11,13,1,24,16,28,35,25,12,15,10,18,19,7,19,4,23,18,6,5,7,11,22,2,38,10,12,1,11,17,4,25,37,33,33,3,5,2,11,11,35,8,5,40,7,19,8,5,8,20,18,42,4,6,30,17,14,13,12,72,1,14,6,13,12,1,4,33,3,74,1,14,19,40,3,5,11,1,39,20,84,6,19,2,37,60,55,30,5,3,19,3,3,44,44,10,2,20,8,6,3,21,2,1,27,18,6,2,29,22,20,10,4,12,12,7,16,6,59,65,42,13,5,3,19,4,6,3,3,43,3,14,4,4,40,38,2,2,10,27,39,16,23,8,7,8,16,38,29,10,27,4,15,35,15,
10,31994,25,22,19,28,29,161,102,17,208,200,12,203,158,129,142,201,323,54,46,176,85,59,123,111,94,262,73,50,65,10,14,18,52,117,93,49,7,22,12,63,84,54,67,26,20,133,31,24,19,30,22,143,18,99,5,68,3,14,24,5,2,66,2,17,39,2,63,45,15,7,103,13,6,86,5,46,18,23,19,9,13,5,7,46,12,54,17,18,91,8,52,57,5,28,29,29,3,22,3,11,33,15,8,8,105,15,37,28,3,35,16,5,12,24,6,16,31,38,8,23,3,16,13,6,4,52,7,14,3,12,52,24,34,16,6,8,15,6,43,14,5,20,3,26,15,106,3,34,3,5,18,7,3,9,21,26,5,49,85,17,7,11,6,10,14,8,4,29,29,20,50,41,13,5,28,20,9,27,41,13,13,10,4,9,12,11,9,14,18,14,22,19,17,11,14,31,69,28,28,3,17,20,15,22,27,60,117,107,32,51,104,20,38,44,25,17,31,14,14,7,44,29,6,2,7,25,10,44,27,16,8,21,37,17,34,20,20,49,30,19,3,58,8,2,8,7,23,30,33,65,11,69,30,78,47,6,6,12,8,16,4,26,47,39,27,80,9,12,17,16,13,69,27,46,16,15,15,71,37,6,3,25,2,9,3,2,16,32,21,46,61,14,12,32,44,44,56,30,15,88,10,28,53,7,17,16,47,41,28,6,51,17,13,13,24,29,5,3,55,72,26,64,5,82,11,9,36,56,29,6,8,139,15,10,119,4,8,70,63,25,97,41,102,28,78,44,20,60,33,46,90,7,22,16,53,34,65,9,38,7,13,17,31,14,97,8,17,66,182,35,10,9,74,9,19,5,59,24,10,13,78,9,10,23,37,25,46,22,12,21,48,50,31,15,10,16,124,2,3,60,16,73,54,55,7,1,47,42,19,4,50,14,57,4,10,69,34,17,91,12,47,8,35,8,3,10,14,18,60,28,9,2,10,69,52,5,4,4,10,24,81,55,40,5,13,45,13,16,43,64,77,98,30,60,3,2,56,18,22,6,32,5,25,50,34,25,50,7,40,59,40,15,45,25,21,14,36,17,13,36,34,4,4,11,11,20,40,13,58,44,38,72,5,41,38,6,7,3,42,5,3,157,6,8,104,4,48,31,45,24,48,113,11,16,19,5,17,45,12,8,37,45,70,16,3,10,13,18,45,91,40,8,10,77,30,60,33,25,48,30,3,17,29,32,31,4,24,63,18,36,25,44,20,24,8,1,5,6,21,30,85,9,118,42,6,59,13,7,44,4,13,48,21,11,7,129,38,8,14,5,8,52,58,15,46,18,10,97,27,13,26,9,76,37,94,37,18,12,5,7,64,21,7,26,20,40,20,13,40,26,4,2,15,57,14,56,8,130,26,46,17,56,31,3,19,10,13,45,17,29,2,26,89,19,23,41,39,6,58,9,8,12,4,5,13,11,110,41,16,49,29,79,6,9,5,28,4,14,2,24,87,32,20,29,25,8,9,8,49,29,24,9,34,5,7,31,8,34,18,83,82,6,48,131,70,8,10,16,16,58,5,3,10,17,45,49,27,46,14,4,9,6,44,61,44,16,60,16,1,107,1,6,14,8,8,11,13,84,10,8,28,46,3,12,12,2,26,31,19,70,13,18,6,10,74,110,20,31,13,35,24,28,4,43,34,36,17,8,6,26,8,27,8,74,13,14,39,24,11,14,2,6,148,38,30,12,51,9,36,8,23,8,51,12,84,18,4,9,13,6,19,7,10,36,33,13,49,44,3,36,1,6,55,9,10,114,33,6,44,16,14,7,23,76,9,12,82,83,12,82,20,91,32,35,15,38,23,18,3,24,22,4,23,71,49,9,11,29,2,40,28,73,16,51,47,40,38,22,160,41,65,12,15,89,77,35,16,7,9,8,20,1,156,1,29,9,12,34,91,8,65,13,3,8,20,38,48,18,3,11,4,13,2,73,38,16,96,27,8,32,81,45,18,16,7,36,6,29,24,49,46,42,32,38,6,47,5,15,19,5,19,50,23,1,28,27,27,70,19,39,62,6,54,87,31,32,4,10,7,40,4,26,31,5,24,17,75,23,58,30,77,85,49,6,11,6,36,13,43,27,58,72,11,34,18,4,19,14,11,14,37,4,24,10,44,56,62,36,41,4,4,6,9,48,6,57,7,26,21,51,87,18,13,5,34,6,30,2,102,9,24,38,26,25,12,2,6,13,15,102,2,7,14,31,51,18,4,57,8,59,
9,